objective_id,title,observed_item_count,status,label_status
O01,Objective O01,478,active,seed
O02,Objective O02,4321,active,seed
O03,Objective O03,1144,active,seed
O04,Objective O04,663,active,seed
O05,Objective O05,828,active,seed
O06,Objective O06,1024,active,seed
O07,Objective O07,537,active,seed
O08,Objective O08,676,active,seed
O09,Objective O09,12638,active,seed
O10,Objective O10,442,active,seed
O11,Objective O11,1070,active,seed
O12,Objective O12,675,active,seed
O13,Objective O13,1150,active,seed
O14,Objective O14,1500,active,seed
O15,Objective O15,3083,active,seed
O16,Objective O16,745,active,seed
