source_id,path,filename,format,source_state,parser_profile_id,row_count_detected,size_bytes,checksum_sha256,header_hash_sha256,is_service_template,registered_at,registered_by,notes
src_000001,QuizBank/Adjektivendungen_Beginner_Bank_A1_A2_210.csv,Adjektivendungen_Beginner_Bank_A1_A2_210.csv,CSV,active,csv_quiz_bank_v1,210,148218,93239502c6d6d0157200fa050c422f14a59a0efcadb085d7f3f982e1c30d8ed9,fbdcde2dafcfe468c84ce2ae3b673d19b2b78a766daa9a1c5f460ef24ffde9f5,false,2026-05-07,tooling,
src_000002,QuizBank/Administrative_Documents_Bank_A2__expanded_v01_100.csv,Administrative_Documents_Bank_A2__expanded_v01_100.csv,CSV,active,csv_quiz_bank_v1,100,69419,50c5efedc095d7264305a44fe8d43c5562ec03ceedb09195507797e74d8d70da,fbdcde2dafcfe468c84ce2ae3b673d19b2b78a766daa9a1c5f460ef24ffde9f5,false,2026-05-07,tooling,
src_000003,QuizBank/Administrative_Legal_Procedures_Implicit_Paraphrase_Bank_C1_300.csv,Administrative_Legal_Procedures_Implicit_Paraphrase_Bank_C1_300.csv,CSV,active,csv_quiz_bank_v1,300,302814,5f24b125dc422226d3d7e229f4f5292a97744ad10c260715b418d3ca70c9962f,fbdcde2dafcfe468c84ce2ae3b673d19b2b78a766daa9a1c5f460ef24ffde9f5,false,2026-05-07,tooling,
src_000004,QuizBank/Administrative_Legal_Procedures_Natural_Usage_Bank_B2_300.csv,Administrative_Legal_Procedures_Natural_Usage_Bank_B2_300.csv,CSV,active,csv_quiz_bank_v1,300,244785,1b4339a1fd984d245a958036bccbbdace5d4837f98efb6726a2987dd91c37377,fbdcde2dafcfe468c84ce2ae3b673d19b2b78a766daa9a1c5f460ef24ffde9f5,false,2026-05-07,tooling,
src_000005,QuizBank/Administrative_Legal_Procedures_Precision_Mix_Bank_C2_300.csv,Administrative_Legal_Procedures_Precision_Mix_Bank_C2_300.csv,CSV,active,csv_quiz_bank_v1,300,269754,f4d6790f7033e6178b9cdb9202de1785512e87a7f518eafb9a1b2ee58cb83579,fbdcde2dafcfe468c84ce2ae3b673d19b2b78a766daa9a1c5f460ef24ffde9f5,false,2026-05-07,tooling,
src_000006,QuizBank/Administrative_Routines_Bank_A2_100.csv,Administrative_Routines_Bank_A2_100.csv,CSV,active,csv_quiz_bank_v1,100,69522,b0d85755dfcb6dfa62c6fde3b3e6d6fb55af7d18474dca75e6bdf822a75e48f5,fbdcde2dafcfe468c84ce2ae3b673d19b2b78a766daa9a1c5f460ef24ffde9f5,false,2026-05-07,tooling,
src_000007,QuizBank/Akkusativ_Dativ_Bank_A1_B1_210.csv,Akkusativ_Dativ_Bank_A1_B1_210.csv,CSV,active,csv_quiz_bank_v1,209,127877,1ead04663d6b3c6d0f482331b0f456a7dcfdf5946475713fc64cb2ff46188325,fbdcde2dafcfe468c84ce2ae3b673d19b2b78a766daa9a1c5f460ef24ffde9f5,false,2026-05-07,tooling,
src_000008,QuizBank/Analysis_Interpretation_Argumentation_Implicit_Paraphrase_Bank_C1_300.csv,Analysis_Interpretation_Argumentation_Implicit_Paraphrase_Bank_C1_300.csv,CSV,active,csv_quiz_bank_v1,300,304047,ce929389bae7aa88028684fe403a3c63e4f37e2827cfa5cf5508b1a7c0a3439c,fbdcde2dafcfe468c84ce2ae3b673d19b2b78a766daa9a1c5f460ef24ffde9f5,false,2026-05-07,tooling,
src_000009,QuizBank/Analysis_Interpretation_Argumentation_Implicit_Paraphrase_Bank_C2_300.csv,Analysis_Interpretation_Argumentation_Implicit_Paraphrase_Bank_C2_300.csv,CSV,active,csv_quiz_bank_v1,300,312677,0c9b36315b77f7e3c283cd29bfe7ca7389ad202e5a47af8ac74ab1af4cc3f796,fbdcde2dafcfe468c84ce2ae3b673d19b2b78a766daa9a1c5f460ef24ffde9f5,false,2026-05-07,tooling,
src_000010,QuizBank/Analysis_Interpretation_Argumentation_Precision_Mix_Bank_C2_300.csv,Analysis_Interpretation_Argumentation_Precision_Mix_Bank_C2_300.csv,CSV,active,csv_quiz_bank_v1,300,297698,c0a15a11f095558cf72dc2ac604d0e1d4755fd47e50fcbc6c114036dec783f56,fbdcde2dafcfe468c84ce2ae3b673d19b2b78a766daa9a1c5f460ef24ffde9f5,false,2026-05-07,tooling,
src_000011,QuizBank/Antonym_Match_Bank_A1_B1_210.csv,Antonym_Match_Bank_A1_B1_210.csv,CSV,active,csv_quiz_bank_v1,210,130132,edd7374ab2d21a2f7f764517f31ff74155841a2d45c6c245e3dd2489e029c352,fbdcde2dafcfe468c84ce2ae3b673d19b2b78a766daa9a1c5f460ef24ffde9f5,false,2026-05-07,tooling,
src_000012,QuizBank/Artikel_Sprint_Bank_A1_B2_1000.csv,Artikel_Sprint_Bank_A1_B2_1000.csv,CSV,active,csv_quiz_bank_v1,1000,628503,bfcf562e83c42873e2c49ea41443d7c39fcb52989da3ba8a8f6d244e5923703b,fbdcde2dafcfe468c84ce2ae3b673d19b2b78a766daa9a1c5f460ef24ffde9f5,false,2026-05-07,tooling,
src_000013,QuizBank/Banking_Actions_Bank_A2_100.csv,Banking_Actions_Bank_A2_100.csv,CSV,active,csv_quiz_bank_v1,100,65688,7628db803cda90620a0d184a5aa766d42fd67f81111cf07a600813ef35adef26,fbdcde2dafcfe468c84ce2ae3b673d19b2b78a766daa9a1c5f460ef24ffde9f5,false,2026-05-07,tooling,
src_000014,QuizBank/Banking_Finance_Implicit_Paraphrase_Bank_C1_300.csv,Banking_Finance_Implicit_Paraphrase_Bank_C1_300.csv,CSV,active,csv_quiz_bank_v1,300,285001,69a4e671ef7b034b0500d311e5b1e72b7e89930295403760313fa6c735f92922,fbdcde2dafcfe468c84ce2ae3b673d19b2b78a766daa9a1c5f460ef24ffde9f5,false,2026-05-07,tooling,
src_000015,QuizBank/Banking_Finance_Precision_Mix_Bank_C2_300.csv,Banking_Finance_Precision_Mix_Bank_C2_300.csv,CSV,active,csv_quiz_bank_v1,300,300555,217e1e3ce5af7600c41d4186136bf7e4172c1b0d9428abcf46c148de9d205410,fbdcde2dafcfe468c84ce2ae3b673d19b2b78a766daa9a1c5f460ef24ffde9f5,false,2026-05-07,tooling,
src_000016,QuizBank/Civic_Service_Actions_Bank_A2_300.csv,Civic_Service_Actions_Bank_A2_300.csv,CSV,active,csv_quiz_bank_v1,300,202588,419d127f83d1366be3140f5bc8ca62d49c4fad8223c0454b8370be916a4e3eb8,fbdcde2dafcfe468c84ce2ae3b673d19b2b78a766daa9a1c5f460ef24ffde9f5,false,2026-05-07,tooling,
src_000017,QuizBank/Communication_Implicit_Paraphrase_Bank_C1_300.csv,Communication_Implicit_Paraphrase_Bank_C1_300.csv,CSV,active,csv_quiz_bank_v1,300,289397,82741a315403743b2c498c3264472059f2255b8be5a7a610c930ad7a11f494d0,fbdcde2dafcfe468c84ce2ae3b673d19b2b78a766daa9a1c5f460ef24ffde9f5,false,2026-05-07,tooling,
src_000018,QuizBank/Communication_Natural_Usage_Bank_B2_300.csv,Communication_Natural_Usage_Bank_B2_300.csv,CSV,active,csv_quiz_bank_v1,300,272506,4316f9b69c8728f401ba5165ab833cfda7e5e2a1ee8838f1b08d58ba4420e8cf,fbdcde2dafcfe468c84ce2ae3b673d19b2b78a766daa9a1c5f460ef24ffde9f5,false,2026-05-07,tooling,
src_000019,QuizBank/Communication_Precision_Mix_Bank_C2_300.csv,Communication_Precision_Mix_Bank_C2_300.csv,CSV,active,csv_quiz_bank_v1,300,262691,33ceb10b1b8aed4f1ae752c0d304957c9e1e3b9bce588617ee9328c7257f204b,fbdcde2dafcfe468c84ce2ae3b673d19b2b78a766daa9a1c5f460ef24ffde9f5,false,2026-05-07,tooling,
src_000020,QuizBank/Customer_Service_Actions_Bank_A2_300.csv,Customer_Service_Actions_Bank_A2_300.csv,CSV,active,csv_quiz_bank_v1,300,215960,1f4189ac0f4b3ff54f0b520387bc1e4d64047194e411732595686f2890063960,fbdcde2dafcfe468c84ce2ae3b673d19b2b78a766daa9a1c5f460ef24ffde9f5,false,2026-05-07,tooling,
src_000021,QuizBank/Economy_Finance_Workplace_Implicit_Paraphrase_Bank_C1_300.csv,Economy_Finance_Workplace_Implicit_Paraphrase_Bank_C1_300.csv,CSV,active,csv_quiz_bank_v1,300,289825,93bfea24d2d17857e3eab75d010ddd99c5953137f0a1aa04f7abcd9b858a64f5,fbdcde2dafcfe468c84ce2ae3b673d19b2b78a766daa9a1c5f460ef24ffde9f5,false,2026-05-07,tooling,
src_000022,QuizBank/Economy_Finance_Workplace_Natural_Usage_Bank_B2_300.csv,Economy_Finance_Workplace_Natural_Usage_Bank_B2_300.csv,CSV,active,csv_quiz_bank_v1,300,273558,59988a1f34426855d631b3fc8ea11d0f210e701e9b2786e6c32c38e1e2b80631,fbdcde2dafcfe468c84ce2ae3b673d19b2b78a766daa9a1c5f460ef24ffde9f5,false,2026-05-07,tooling,
src_000023,QuizBank/Economy_Finance_Workplace_Precision_Mix_Bank_C2_300.csv,Economy_Finance_Workplace_Precision_Mix_Bank_C2_300.csv,CSV,active,csv_quiz_bank_v1,300,281671,cb473e306ae523731f47b20a4025b1265fa0e8d9afe17cfc1561f08941294596,fbdcde2dafcfe468c84ce2ae3b673d19b2b78a766daa9a1c5f460ef24ffde9f5,false,2026-05-07,tooling,
src_000024,QuizBank/Education_Actions_Bank_A2_100.csv,Education_Actions_Bank_A2_100.csv,CSV,active,csv_quiz_bank_v1,100,69026,86e880045f20e271e3baf45ae604ef148ac84e5ed0afeca1a1c30441bf01d2f3,fbdcde2dafcfe468c84ce2ae3b673d19b2b78a766daa9a1c5f460ef24ffde9f5,false,2026-05-07,tooling,
src_000025,QuizBank/Education_Implicit_Paraphrase_Bank_C1_300.csv,Education_Implicit_Paraphrase_Bank_C1_300.csv,CSV,active,csv_quiz_bank_v1,300,279472,58cb3e7f1feed1e7397905b428489f80b3c876df87ccedd982f310a8449928c0,fbdcde2dafcfe468c84ce2ae3b673d19b2b78a766daa9a1c5f460ef24ffde9f5,false,2026-05-07,tooling,
src_000026,QuizBank/Education_Policy_Assessment_Precision_Mix_Bank_C2_300.csv,Education_Policy_Assessment_Precision_Mix_Bank_C2_300.csv,CSV,active,csv_quiz_bank_v1,300,316271,95de9e482e26606d9771cdf35ceb35b5b5a62a1494c83f965d5019fe168727bd,fbdcde2dafcfe468c84ce2ae3b673d19b2b78a766daa9a1c5f460ef24ffde9f5,false,2026-05-07,tooling,
src_000027,QuizBank/Environment_Sustainability_Implicit_Paraphrase_Bank_C1_300.csv,Environment_Sustainability_Implicit_Paraphrase_Bank_C1_300.csv,CSV,active,csv_quiz_bank_v1,300,286851,9360fbcb5fc0326b1cd35b3c1dd1917f33533259d451a7023ccd7b9db241832b,fbdcde2dafcfe468c84ce2ae3b673d19b2b78a766daa9a1c5f460ef24ffde9f5,false,2026-05-07,tooling,
src_000028,QuizBank/Environment_Sustainability_Natural_Usage_Bank_B2_300.csv,Environment_Sustainability_Natural_Usage_Bank_B2_300.csv,CSV,active,csv_quiz_bank_v1,300,270933,5b85584dd85b5794a79704288eb7fec94da7ac192bb63359384e52aa0af059db,fbdcde2dafcfe468c84ce2ae3b673d19b2b78a766daa9a1c5f460ef24ffde9f5,false,2026-05-07,tooling,
src_000029,QuizBank/Environment_Sustainability_Precision_Mix_Bank_C2_300.csv,Environment_Sustainability_Precision_Mix_Bank_C2_300.csv,CSV,active,csv_quiz_bank_v1,300,308591,52f48933ebdf3cf24dfcf7425ed60611f3c628240f8b1b4b2389f42a0d168692,fbdcde2dafcfe468c84ce2ae3b673d19b2b78a766daa9a1c5f460ef24ffde9f5,false,2026-05-07,tooling,
src_000030,QuizBank/Everyday_Logic_Bank_A1_B1_247.csv,Everyday_Logic_Bank_A1_B1_247.csv,CSV,active,csv_quiz_bank_v1,230,332752,e060cd68f78a96a109fbf4ff27f0c0af1b426df6ed3b669d5f8eee5a946de0af,fbdcde2dafcfe468c84ce2ae3b673d19b2b78a766daa9a1c5f460ef24ffde9f5,false,2026-05-07,tooling,
src_000031,QuizBank/Financial_Settings_Bank_A2_100.csv,Financial_Settings_Bank_A2_100.csv,CSV,active,csv_quiz_bank_v1,100,67688,601742ba1ef1e17339b60080c54fcc2b955e0511f529511e9159450ecc47b2d3,fbdcde2dafcfe468c84ce2ae3b673d19b2b78a766daa9a1c5f460ef24ffde9f5,false,2026-05-07,tooling,
src_000032,QuizBank/Health_Food_Actions_Bank_A2_100.csv,Health_Food_Actions_Bank_A2_100.csv,CSV,active,csv_quiz_bank_v1,100,63459,4006d738936efaa7050d8b0ed578c963ce7c669f84d3a95f8f7942bb14a15ca9,fbdcde2dafcfe468c84ce2ae3b673d19b2b78a766daa9a1c5f460ef24ffde9f5,false,2026-05-07,tooling,
src_000033,QuizBank/Health_Food_Care_Actions_Bank_A2_200.csv,Health_Food_Care_Actions_Bank_A2_200.csv,CSV,active,csv_quiz_bank_v1,200,130769,8973997e750e70692ac70571aeebae18b0b8298c1e3b9e8976f9784e720597ed,fbdcde2dafcfe468c84ce2ae3b673d19b2b78a766daa9a1c5f460ef24ffde9f5,false,2026-05-07,tooling,
src_000034,QuizBank/Health_Food_Care_Implicit_Paraphrase_Bank_C1_300.csv,Health_Food_Care_Implicit_Paraphrase_Bank_C1_300.csv,CSV,active,csv_quiz_bank_v1,300,280812,0571a749eceb0c1f9ba0e67eab4ede5d92fc4af2e4237a652266696074e0e9b7,fbdcde2dafcfe468c84ce2ae3b673d19b2b78a766daa9a1c5f460ef24ffde9f5,false,2026-05-07,tooling,
src_000035,QuizBank/Health_Food_Care_Natural_Usage_Bank_B2_300.csv,Health_Food_Care_Natural_Usage_Bank_B2_300.csv,CSV,active,csv_quiz_bank_v1,300,256296,e7f7a762478e902ffd60d7b24026e8df1489a211e8ac479dbb0edf09c31a1a52,fbdcde2dafcfe468c84ce2ae3b673d19b2b78a766daa9a1c5f460ef24ffde9f5,false,2026-05-07,tooling,
src_000036,QuizBank/Health_Food_Care_Precision_Mix_Bank_C2_300.csv,Health_Food_Care_Precision_Mix_Bank_C2_300.csv,CSV,active,csv_quiz_bank_v1,300,285102,7c99ee0fda78af646f52a97d30e740adc94664d42cd5facc01fbabef7718ad43,fbdcde2dafcfe468c84ce2ae3b673d19b2b78a766daa9a1c5f460ef24ffde9f5,false,2026-05-07,tooling,
src_000037,QuizBank/Household_Service_Actions_Bank_A2_100.csv,Household_Service_Actions_Bank_A2_100.csv,CSV,active,csv_quiz_bank_v1,100,68962,d892962c397a28f1c7fc6c59b829e63b6aae8915ae016df701fae59004c0fd7b,fbdcde2dafcfe468c84ce2ae3b673d19b2b78a766daa9a1c5f460ef24ffde9f5,false,2026-05-07,tooling,
src_000038,QuizBank/Housing_Actions_Bank_A2_100.csv,Housing_Actions_Bank_A2_100.csv,CSV,active,csv_quiz_bank_v1,100,66479,c8876d859004cd552bb36e2cd23e46a365ec1505adb401b439202674ed045ced,fbdcde2dafcfe468c84ce2ae3b673d19b2b78a766daa9a1c5f460ef24ffde9f5,false,2026-05-07,tooling,
src_000039,QuizBank/Housing_Implicit_Paraphrase_Bank_C1_300.csv,Housing_Implicit_Paraphrase_Bank_C1_300.csv,CSV,active,csv_quiz_bank_v1,300,275104,f785ef1c7a2f80f5887f7a227ffb8690320c1fdebab4a66a4cd6521a98455c80,fbdcde2dafcfe468c84ce2ae3b673d19b2b78a766daa9a1c5f460ef24ffde9f5,false,2026-05-07,tooling,
src_000040,QuizBank/Housing_Natural_Usage_Bank_A1_C2_2_100.csv,Housing_Natural_Usage_Bank_A1_C2_2_100.csv,CSV,active,csv_quiz_bank_v1,252,187254,e1da59189c110cd78c3fac58736d48179cf90a7b0af51eb2e7658f56e22a32c8,fbdcde2dafcfe468c84ce2ae3b673d19b2b78a766daa9a1c5f460ef24ffde9f5,false,2026-05-07,tooling,
src_000041,QuizBank/Housing_Process_Decisions_Natural_Usage_Bank_B2_300.csv,Housing_Process_Decisions_Natural_Usage_Bank_B2_300.csv,CSV,active,csv_quiz_bank_v1,300,274531,62130a0c75afba0d691f66b5d02b46cda299b75c5cfbbd1d34df018e324b2273,fbdcde2dafcfe468c84ce2ae3b673d19b2b78a766daa9a1c5f460ef24ffde9f5,false,2026-05-07,tooling,
src_000042,QuizBank/Leisure_Culture_Service_Social_Contacts_Implicit_Paraphrase_Bank_C1_300.csv,Leisure_Culture_Service_Social_Contacts_Implicit_Paraphrase_Bank_C1_300.csv,CSV,active,csv_quiz_bank_v1,300,300739,12b059a1238695cdcb08293e9882e78a94452af33bb460edb1918c1b61b0b638,fbdcde2dafcfe468c84ce2ae3b673d19b2b78a766daa9a1c5f460ef24ffde9f5,false,2026-05-07,tooling,
src_000043,QuizBank/Leisure_Culture_Service_Social_Contacts_Natural_Usage_Bank_B2_300.csv,Leisure_Culture_Service_Social_Contacts_Natural_Usage_Bank_B2_300.csv,CSV,active,csv_quiz_bank_v1,300,286564,aeaee01352c88272a6b5285bab67d92162af4565980a405155e153186d167b72,fbdcde2dafcfe468c84ce2ae3b673d19b2b78a766daa9a1c5f460ef24ffde9f5,false,2026-05-07,tooling,
src_000044,QuizBank/Leisure_Culture_Service_Social_Contacts_Precision_Mix_Bank_C2_300.csv,Leisure_Culture_Service_Social_Contacts_Precision_Mix_Bank_C2_300.csv,CSV,active,csv_quiz_bank_v1,300,291857,c2febfdf3ba827e3e8b75a3a62f8f299cecb1458101f710b72c636c018b049d2,fbdcde2dafcfe468c84ce2ae3b673d19b2b78a766daa9a1c5f460ef24ffde9f5,false,2026-05-07,tooling,
src_000045,QuizBank/Lexical_Gap_Fill_Bank_A2_B1_210.csv,Lexical_Gap_Fill_Bank_A2_B1_210.csv,CSV,active,csv_quiz_bank_v1,196,155734,bbb165532ce3547d3c6afd18769bc17ae0eae70708a329e43eabf42640c9224b,fbdcde2dafcfe468c84ce2ae3b673d19b2b78a766daa9a1c5f460ef24ffde9f5,false,2026-05-07,tooling,
src_000046,QuizBank/Media_Digital_Actions_Bank_B1_300.csv,Media_Digital_Actions_Bank_B1_300.csv,CSV,active,csv_quiz_bank_v1,300,204331,7103361a1946b6f9167110e74ad54865cfd7426dfc858b044014436a83579ecb,fbdcde2dafcfe468c84ce2ae3b673d19b2b78a766daa9a1c5f460ef24ffde9f5,false,2026-05-07,tooling,
src_000047,QuizBank/Media_Digital_Implicit_Paraphrase_Bank_C1_300.csv,Media_Digital_Implicit_Paraphrase_Bank_C1_300.csv,CSV,active,csv_quiz_bank_v1,300,284328,65dd436cd80d7c1b477de1fee25f02a099264493d32ef7597d9f0815d6f7e37d,fbdcde2dafcfe468c84ce2ae3b673d19b2b78a766daa9a1c5f460ef24ffde9f5,false,2026-05-07,tooling,
src_000048,QuizBank/Media_Digital_Natural_Usage_Bank_B2_300.csv,Media_Digital_Natural_Usage_Bank_B2_300.csv,CSV,active,csv_quiz_bank_v1,300,246868,7216957fc2841ebec9028dfcc94d7b7868c0eb881108d63942f67a7e8e225e44,fbdcde2dafcfe468c84ce2ae3b673d19b2b78a766daa9a1c5f460ef24ffde9f5,false,2026-05-07,tooling,
src_000049,QuizBank/Media_Digital_News_Precision_Mix_Bank_C2_300.csv,Media_Digital_News_Precision_Mix_Bank_C2_300.csv,CSV,active,csv_quiz_bank_v1,300,284924,fbc26a0ad841cbd644d824df83a4f1c33e736af1119e17add6a1b13be1ef9d89,fbdcde2dafcfe468c84ce2ae3b673d19b2b78a766daa9a1c5f460ef24ffde9f5,false,2026-05-07,tooling,
src_000050,QuizBank/Mini_Dialog_Bank_A2_B1_210.csv,Mini_Dialog_Bank_A2_B1_210.csv,CSV,active,csv_quiz_bank_v1,96,85227,683eebabdd3e994c26fff959a1437fa10b7bb37872acf26e60b54a505a54fddc,fbdcde2dafcfe468c84ce2ae3b673d19b2b78a766daa9a1c5f460ef24ffde9f5,false,2026-05-07,tooling,
src_000051,QuizBank/Minimal_Context_Vocabulary_Bank_A1_B1_70.csv,Minimal_Context_Vocabulary_Bank_A1_B1_70.csv,CSV,active,csv_quiz_bank_v1,59,77815,2769ee22ad0d04ae6c640ba213d3468418ec8ce07851de45c87d2adfb358dfda,fbdcde2dafcfe468c84ce2ae3b673d19b2b78a766daa9a1c5f460ef24ffde9f5,false,2026-05-07,tooling,
src_000052,QuizBank/Modalverben_Bank_210.csv,Modalverben_Bank_210.csv,CSV,active,csv_quiz_bank_v1,210,136751,0f07bacc6efea91c2fb72300965201a7116fca9ea1fede8e2c32da3c7420dacd,fbdcde2dafcfe468c84ce2ae3b673d19b2b78a766daa9a1c5f460ef24ffde9f5,false,2026-05-07,tooling,
src_000053,QuizBank/Negation_Quiz_Bank_A2_B1_210.csv,Negation_Quiz_Bank_A2_B1_210.csv,CSV,active,csv_quiz_bank_v1,183,120847,c9eb28997205168aea9a57d9cfa6d60b883bcea47799a5326a22722dcacef133,fbdcde2dafcfe468c84ce2ae3b673d19b2b78a766daa9a1c5f460ef24ffde9f5,false,2026-05-07,tooling,
src_000054,QuizBank/Person_Family_Foundation_Bank_A1_A2_50.csv,Person_Family_Foundation_Bank_A1_A2_50.csv,CSV,active,csv_quiz_bank_v1,44,27671,654b09e66e277305cd032b10aa4ab7b7a3c12aa7efac0a046229c44024ea9cd9,fbdcde2dafcfe468c84ce2ae3b673d19b2b78a766daa9a1c5f460ef24ffde9f5,false,2026-05-07,tooling,
src_000055,QuizBank/Person_Family_Natural_Usage_Bank_A1_C2_2_50.csv,Person_Family_Natural_Usage_Bank_A1_C2_2_50.csv,CSV,active,csv_quiz_bank_v1,1886,1397541,172e68386b134d86585cf71c9dbd37c581cf0c5a5295a005043413b51d45ad95,fbdcde2dafcfe468c84ce2ae3b673d19b2b78a766daa9a1c5f460ef24ffde9f5,false,2026-05-07,tooling,
src_000056,QuizBank/Person_Identity_Family_Implicit_Paraphrase_Bank_C1_300.csv,Person_Identity_Family_Implicit_Paraphrase_Bank_C1_300.csv,CSV,active,csv_quiz_bank_v1,300,296105,2bca322fc455c7f5266d533b3444113b66e682975e130904769d444e6f8c6a5c,fbdcde2dafcfe468c84ce2ae3b673d19b2b78a766daa9a1c5f460ef24ffde9f5,false,2026-05-07,tooling,
src_000057,QuizBank/Person_Identity_Family_Natural_Usage_Bank_B2_300.csv,Person_Identity_Family_Natural_Usage_Bank_B2_300.csv,CSV,active,csv_quiz_bank_v1,300,315690,ccc35de5d907407e43c0076ea00c8049d96249befee65f0e842b594f9f73fcff,fbdcde2dafcfe468c84ce2ae3b673d19b2b78a766daa9a1c5f460ef24ffde9f5,false,2026-05-07,tooling,
src_000058,QuizBank/Plural_Check_Bank_500.csv,Plural_Check_Bank_500.csv,CSV,active,csv_quiz_bank_v1,499,250566,4f4c8165092201e8ef8a859cbef126139df6617c102a6df87087ab335ca932e0,fbdcde2dafcfe468c84ce2ae3b673d19b2b78a766daa9a1c5f460ef24ffde9f5,false,2026-05-07,tooling,
src_000059,QuizBank/Politics_Public_Debate_Implicit_Paraphrase_Bank_C1_300.csv,Politics_Public_Debate_Implicit_Paraphrase_Bank_C1_300.csv,CSV,active,csv_quiz_bank_v1,300,291359,54392a119eeeb927e0e0d8feaffa174dcb7704312729b32adb7d9716c57ded5b,fbdcde2dafcfe468c84ce2ae3b673d19b2b78a766daa9a1c5f460ef24ffde9f5,false,2026-05-07,tooling,
src_000060,QuizBank/Politics_Public_Debate_Natural_Usage_Bank_B2_300.csv,Politics_Public_Debate_Natural_Usage_Bank_B2_300.csv,CSV,active,csv_quiz_bank_v1,300,276732,8e53c9e5ca42033ac94278ed2187583bafef1c6cfb833d2bcb278282299d5f1b,fbdcde2dafcfe468c84ce2ae3b673d19b2b78a766daa9a1c5f460ef24ffde9f5,false,2026-05-07,tooling,
src_000061,QuizBank/Politics_Public_Debate_Precision_Mix_Bank_C2_300.csv,Politics_Public_Debate_Precision_Mix_Bank_C2_300.csv,CSV,active,csv_quiz_bank_v1,300,282922,ad055e9a68e6f509233e23f0738b6c493e4462d6788bb912796499943d116c9f,fbdcde2dafcfe468c84ce2ae3b673d19b2b78a766daa9a1c5f460ef24ffde9f5,false,2026-05-07,tooling,
src_000062,QuizBank/Possessive_Adjectives_Bank_A2_B1_210.csv,Possessive_Adjectives_Bank_A2_B1_210.csv,CSV,active,csv_quiz_bank_v1,210,135652,23409c4e6723d5d82130a469c7096f2814e63a35d97321dcf00d0c35cb5e2712,fbdcde2dafcfe468c84ce2ae3b673d19b2b78a766daa9a1c5f460ef24ffde9f5,false,2026-05-07,tooling,
src_000063,QuizBank/Pragmatic_Reply_Bank_A1_B1_49.csv,Pragmatic_Reply_Bank_A1_B1_49.csv,CSV,active,csv_quiz_bank_v1,34,49170,59549f5ce854e94f8042ec810cd43ef0dfdda5c5f49ad61ea0c2d9db4f428d6f,fbdcde2dafcfe468c84ce2ae3b673d19b2b78a766daa9a1c5f460ef24ffde9f5,false,2026-05-07,tooling,
src_000064,QuizBank/Preposition_Natural_Usage_Bank_A1_B1_70.csv,Preposition_Natural_Usage_Bank_A1_B1_70.csv,CSV,active,csv_quiz_bank_v1,70,89897,7c12fe97b3fe09149df200114d287f24fef0dcd91eed7a4b7fcdaaadefa864f3,fbdcde2dafcfe468c84ce2ae3b673d19b2b78a766daa9a1c5f460ef24ffde9f5,false,2026-05-07,tooling,
src_000065,QuizBank/Preposition_Selection_Bank_A2_B1_210.csv,Preposition_Selection_Bank_A2_B1_210.csv,CSV,active,csv_quiz_bank_v1,206,122185,3f88c745bb1d9f1d773f5edea0314a1f8360d077714c2509a8f25ccb50554c3f,fbdcde2dafcfe468c84ce2ae3b673d19b2b78a766daa9a1c5f460ef24ffde9f5,false,2026-05-07,tooling,
src_000066,QuizBank/Project_Coordination_Bank_A2_100.csv,Project_Coordination_Bank_A2_100.csv,CSV,active,csv_quiz_bank_v1,100,71107,77b2b2d6abee75d056e4710a040b3afe97bbf207609ea498d0be40a32910dee6,fbdcde2dafcfe468c84ce2ae3b673d19b2b78a766daa9a1c5f460ef24ffde9f5,false,2026-05-07,tooling,
src_000067,QuizBank/Residential_Admin_Actions_Bank_A2_100.csv,Residential_Admin_Actions_Bank_A2_100.csv,CSV,active,csv_quiz_bank_v1,100,71789,458ffe4aac4a68014f2ed0d8c6e7fb6dd91792140a5ff0f1c4459658e5e5a452,fbdcde2dafcfe468c84ce2ae3b673d19b2b78a766daa9a1c5f460ef24ffde9f5,false,2026-05-07,tooling,
src_000068,QuizBank/Satzbau_Bank_A2_B1_210.csv,Satzbau_Bank_A2_B1_210.csv,CSV,active,csv_quiz_bank_v1,196,198725,c8dd799d553e637ed92a32b2b5306471f675ffa8b5284a68ab7c9552ff5d5f23,fbdcde2dafcfe468c84ce2ae3b673d19b2b78a766daa9a1c5f460ef24ffde9f5,false,2026-05-07,tooling,
src_000069,QuizBank/Science_Technology_Research_Implicit_Paraphrase_Bank_C1_300.csv,Science_Technology_Research_Implicit_Paraphrase_Bank_C1_300.csv,CSV,active,csv_quiz_bank_v1,300,310611,4789caf6f281b88ef3fb2e96d714128f44cbee3ed85a02e1e482c368ef199e45,fbdcde2dafcfe468c84ce2ae3b673d19b2b78a766daa9a1c5f460ef24ffde9f5,false,2026-05-07,tooling,
src_000070,QuizBank/Science_Technology_Research_Natural_Usage_Bank_B2_300.csv,Science_Technology_Research_Natural_Usage_Bank_B2_300.csv,CSV,active,csv_quiz_bank_v1,300,281389,33e08fdbe1486071f950896b3535156fc354ded1e1574829d5bcc3171858d129,fbdcde2dafcfe468c84ce2ae3b673d19b2b78a766daa9a1c5f460ef24ffde9f5,false,2026-05-07,tooling,
src_000071,QuizBank/Science_Technology_Research_Precision_Mix_Bank_C2_300.csv,Science_Technology_Research_Precision_Mix_Bank_C2_300.csv,CSV,active,csv_quiz_bank_v1,300,311755,ebbc2b33b3410479bcd5098a2b55ca7f92a7d7cac65b07b5d8d2a7bba4a56573,fbdcde2dafcfe468c84ce2ae3b673d19b2b78a766daa9a1c5f460ef24ffde9f5,false,2026-05-07,tooling,
src_000072,QuizBank/Shopping_Actions_Bank_A2_100.csv,Shopping_Actions_Bank_A2_100.csv,CSV,active,csv_quiz_bank_v1,100,69126,7611f5e0a0ab7976b8a76101a122eae2f7d376034b24395f51f80f0fdd449a66,fbdcde2dafcfe468c84ce2ae3b673d19b2b78a766daa9a1c5f460ef24ffde9f5,false,2026-05-07,tooling,
src_000073,QuizBank/Shopping_Money_Consumer_Natural_Usage_Bank_B2_300.csv,Shopping_Money_Consumer_Natural_Usage_Bank_B2_300.csv,CSV,active,csv_quiz_bank_v1,300,273115,a550870166c8322c19cb5b7d41c02d374bb4103db9c505cca8557f6464438073,fbdcde2dafcfe468c84ce2ae3b673d19b2b78a766daa9a1c5f460ef24ffde9f5,false,2026-05-07,tooling,
src_000074,QuizBank/Society_Integration_Implicit_Paraphrase_Bank_C1_300.csv,Society_Integration_Implicit_Paraphrase_Bank_C1_300.csv,CSV,active,csv_quiz_bank_v1,300,283904,006d9f157ba195985c7bd0605603ae5b9a4d4f988fd7e8a12fd9c8b99368befe,fbdcde2dafcfe468c84ce2ae3b673d19b2b78a766daa9a1c5f460ef24ffde9f5,false,2026-05-07,tooling,
src_000075,QuizBank/Society_Integration_Natural_Usage_Bank_B2_300.csv,Society_Integration_Natural_Usage_Bank_B2_300.csv,CSV,active,csv_quiz_bank_v1,300,265913,702f2b20756a88d072d4165ed5b5674c10f075c2ab33570a18fda0affe06fb01,fbdcde2dafcfe468c84ce2ae3b673d19b2b78a766daa9a1c5f460ef24ffde9f5,false,2026-05-07,tooling,
src_000076,QuizBank/Society_Integration_Values_Precision_Mix_Bank_C2_300.csv,Society_Integration_Values_Precision_Mix_Bank_C2_300.csv,CSV,active,csv_quiz_bank_v1,300,284713,6bb7a3de1cd5780d2d7bea891c8566468f790fe91336bc206af4a51734ea4521,fbdcde2dafcfe468c84ce2ae3b673d19b2b78a766daa9a1c5f460ef24ffde9f5,false,2026-05-07,tooling,
src_000077,QuizBank/Study_Workflow_Bank_A2_100.csv,Study_Workflow_Bank_A2_100.csv,CSV,active,csv_quiz_bank_v1,100,69773,949bca5962bd6e50f7b4ea6035533e14f4e46fde883027a6eccb724b26146df3,fbdcde2dafcfe468c84ce2ae3b673d19b2b78a766daa9a1c5f460ef24ffde9f5,false,2026-05-07,tooling,
src_000078,QuizBank/Study_Workflow_Natural_Usage_Bank_B2_300.csv,Study_Workflow_Natural_Usage_Bank_B2_300.csv,CSV,active,csv_quiz_bank_v1,300,268100,d247afa7f426269abf1bdff1943b4237bd77bcbdcd4d6e9f0db329978c36d74c,fbdcde2dafcfe468c84ce2ae3b673d19b2b78a766daa9a1c5f460ef24ffde9f5,false,2026-05-07,tooling,
src_000079,QuizBank/Synonym_Match_Bank_A1_B1_210.csv,Synonym_Match_Bank_A1_B1_210.csv,CSV,active,csv_quiz_bank_v1,210,133576,c0cbf6d1caf256c5eba6376b757bc74a21817162ba459adb20b18ce9a6f4458e,fbdcde2dafcfe468c84ce2ae3b673d19b2b78a766daa9a1c5f460ef24ffde9f5,false,2026-05-07,tooling,
src_000080,QuizBank/T01_Person_Identity_Family_Precision_Mix_Bank_C2_300.csv,T01_Person_Identity_Family_Precision_Mix_Bank_C2_300.csv,CSV,active,csv_quiz_bank_v1,300,294968,6c28907bd1497facc5cd2f17da452be520fbaae1e30691acd5a9a965f854eac4,fbdcde2dafcfe468c84ce2ae3b673d19b2b78a766daa9a1c5f460ef24ffde9f5,false,2026-05-07,tooling,
src_000081,QuizBank/T02_Alltag_Zeit_Organisation_Precision_Mix_Bank_C2_300.csv,T02_Alltag_Zeit_Organisation_Precision_Mix_Bank_C2_300.csv,CSV,active,csv_quiz_bank_v1,300,292581,b7ec51b8e47ba701548a1e2a02fa24275a9e9061ecdd3deff65cfdde4fca1114,fbdcde2dafcfe468c84ce2ae3b673d19b2b78a766daa9a1c5f460ef24ffde9f5,false,2026-05-07,tooling,
src_000082,QuizBank/T02_Strategy_Reasoning_Implicit_Paraphrase_Bank_C1_300.csv,T02_Strategy_Reasoning_Implicit_Paraphrase_Bank_C1_300.csv,CSV,active,csv_quiz_bank_v1,300,296310,589e3620fa3f79206323384cd688f664dc2725c1b05cf8c12a4cecf6e8a7eb31,fbdcde2dafcfe468c84ce2ae3b673d19b2b78a766daa9a1c5f460ef24ffde9f5,false,2026-05-07,tooling,
src_000083,QuizBank/T02_Strategy_Reasoning_Natural_Usage_Bank_B2_300.csv,T02_Strategy_Reasoning_Natural_Usage_Bank_B2_300.csv,CSV,active,csv_quiz_bank_v1,300,287407,d787cb7d08e0e8964cd07e211d8b48434c5c5f6c1a4429aab19888da1996fdb2,fbdcde2dafcfe468c84ce2ae3b673d19b2b78a766daa9a1c5f460ef24ffde9f5,false,2026-05-07,tooling,
src_000084,QuizBank/T03_Housing_Tenancy_Actions_Bank_B1_300.csv,T03_Housing_Tenancy_Actions_Bank_B1_300.csv,CSV,active,csv_quiz_bank_v1,300,253620,e89334948a69c65aeba5a4541dec911a41c68e5b0958debef87e029f75300d84,fbdcde2dafcfe468c84ce2ae3b673d19b2b78a766daa9a1c5f460ef24ffde9f5,false,2026-05-07,tooling,
src_000085,QuizBank/T03_Housing_Tenancy_Precision_Mix_Bank_C2_300.csv,T03_Housing_Tenancy_Precision_Mix_Bank_C2_300.csv,CSV,active,csv_quiz_bank_v1,300,255870,8796a801a2ad4e04d4680e6232320573d1b8beb0fba8f062279d2731a3246271,fbdcde2dafcfe468c84ce2ae3b673d19b2b78a766daa9a1c5f460ef24ffde9f5,false,2026-05-07,tooling,
src_000086,QuizBank/T04_Shopping_Money_Consumer_Actions_Bank_A1_300.csv,T04_Shopping_Money_Consumer_Actions_Bank_A1_300.csv,CSV,active,csv_quiz_bank_v1,300,204816,ac7d4cf998f3f083b36d0d898ffe1261e6f45ea77fe3998d55704ff15468747b,fbdcde2dafcfe468c84ce2ae3b673d19b2b78a766daa9a1c5f460ef24ffde9f5,false,2026-05-07,tooling,
src_000087,QuizBank/T04_Shopping_Money_Consumer_Actions_Bank_B1_300.csv,T04_Shopping_Money_Consumer_Actions_Bank_B1_300.csv,CSV,active,csv_quiz_bank_v1,300,256247,5b2eada41fa22151a04963bf8f3f4e8bdde7facba8c52ab77b369c478521ec2f,fbdcde2dafcfe468c84ce2ae3b673d19b2b78a766daa9a1c5f460ef24ffde9f5,false,2026-05-07,tooling,
src_000088,QuizBank/T05_Health_Food_Care_Actions_Bank_B1_300.csv,T05_Health_Food_Care_Actions_Bank_B1_300.csv,CSV,active,csv_quiz_bank_v1,300,239776,6a36bdcd77f941d10f2571a404c97f4868a60251e0f0350c8f98fa2e43b83040,fbdcde2dafcfe468c84ce2ae3b673d19b2b78a766daa9a1c5f460ef24ffde9f5,false,2026-05-07,tooling,
src_000089,QuizBank/T06_Workplace_Career_Actions_Bank_B1_300.csv,T06_Workplace_Career_Actions_Bank_B1_300.csv,CSV,active,csv_quiz_bank_v1,300,245722,b5cdb01e549faad15e7d5899e7ef8fba4507be0eccd51ea5a6d37f535824140c,fbdcde2dafcfe468c84ce2ae3b673d19b2b78a766daa9a1c5f460ef24ffde9f5,false,2026-05-07,tooling,
src_000090,QuizBank/T07_Education_Learning_Actions_Bank_B1_300.csv,T07_Education_Learning_Actions_Bank_B1_300.csv,CSV,active,csv_quiz_bank_v1,300,243874,fad2834fc1e4d550fdc34c7f5f5eb0ac81f4c7d4b2c6881e5219227a7ade03e5,fbdcde2dafcfe468c84ce2ae3b673d19b2b78a766daa9a1c5f460ef24ffde9f5,false,2026-05-07,tooling,
src_000091,QuizBank/T08_Travel_Transport_Orientation_Actions_Bank_B1_300.csv,T08_Travel_Transport_Orientation_Actions_Bank_B1_300.csv,CSV,active,csv_quiz_bank_v1,300,253736,02f892a1cfad62bfe2f876024641c33c8554ab5a63de8b28898ae072a3bbfb82,fbdcde2dafcfe468c84ce2ae3b673d19b2b78a766daa9a1c5f460ef24ffde9f5,false,2026-05-07,tooling,
src_000092,QuizBank/T09_Communication_Actions_Bank_B1_300.csv,T09_Communication_Actions_Bank_B1_300.csv,CSV,active,csv_quiz_bank_v1,300,239639,c055b24cd2699e32d72f57033581c9c78cdc4958cf6f01755656f5004f5ab453,fbdcde2dafcfe468c84ce2ae3b673d19b2b78a766daa9a1c5f460ef24ffde9f5,false,2026-05-07,tooling,
src_000093,QuizBank/T10_Administrative_Legal_Procedures_Actions_Bank_A1_300.csv,T10_Administrative_Legal_Procedures_Actions_Bank_A1_300.csv,CSV,active,csv_quiz_bank_v1,300,214722,b98ac58a2b47dd8931864ccb2773fae9dcf99a04c77c597ac0c813a8eb6f50a4,fbdcde2dafcfe468c84ce2ae3b673d19b2b78a766daa9a1c5f460ef24ffde9f5,false,2026-05-07,tooling,
src_000094,QuizBank/T10_Administrative_Legal_Procedures_Actions_Bank_B1_300.csv,T10_Administrative_Legal_Procedures_Actions_Bank_B1_300.csv,CSV,active,csv_quiz_bank_v1,300,266842,1eb6021025d4cee8553a14c1ab30c62320067c1b5d54256da4df9fd4f90ad4c5,fbdcde2dafcfe468c84ce2ae3b673d19b2b78a766daa9a1c5f460ef24ffde9f5,false,2026-05-07,tooling,
src_000095,QuizBank/T11_Leisure_Culture_Service_Social_Contacts_Actions_Bank_A1_300.csv,T11_Leisure_Culture_Service_Social_Contacts_Actions_Bank_A1_300.csv,CSV,active,csv_quiz_bank_v1,300,231131,8542a984a8a9dc44b3f52da2d16a483d191759114e48ebc087cf566015d1da0c,fbdcde2dafcfe468c84ce2ae3b673d19b2b78a766daa9a1c5f460ef24ffde9f5,false,2026-05-07,tooling,
src_000096,QuizBank/T11_Leisure_Culture_Service_Social_Contacts_Actions_Bank_B1_300.csv,T11_Leisure_Culture_Service_Social_Contacts_Actions_Bank_B1_300.csv,CSV,active,csv_quiz_bank_v1,300,263250,f22f3893d6e8ed5ddaceb1358768865ea03085f466196fbc84be3bf1a55bab70,fbdcde2dafcfe468c84ce2ae3b673d19b2b78a766daa9a1c5f460ef24ffde9f5,false,2026-05-07,tooling,
src_000097,QuizBank/T13_Society_Integration_Values_Actions_Bank_B1_300.csv,T13_Society_Integration_Values_Actions_Bank_B1_300.csv,CSV,active,csv_quiz_bank_v1,300,251673,0d62afafe4d5ede8a8f68784b172e191c02fbab92f6f279e7f34c360ce7a2108,fbdcde2dafcfe468c84ce2ae3b673d19b2b78a766daa9a1c5f460ef24ffde9f5,false,2026-05-07,tooling,
src_000098,QuizBank/T14_Environment_Sustainability_Actions_Bank_B1_300.csv,T14_Environment_Sustainability_Actions_Bank_B1_300.csv,CSV,active,csv_quiz_bank_v1,300,256726,04fed902f10448522cdbb132d12f4c6b76a13d19b9c4e5997b0b8e739353489c,fbdcde2dafcfe468c84ce2ae3b673d19b2b78a766daa9a1c5f460ef24ffde9f5,false,2026-05-07,tooling,
src_000099,QuizBank/T15_Economy_Finance_Workplace_Actions_Bank_B1_300.csv,T15_Economy_Finance_Workplace_Actions_Bank_B1_300.csv,CSV,active,csv_quiz_bank_v1,300,250761,039ef572dbf0208978a369fd8a55082f33d6440475a67d6eb849953b2221b57d,fbdcde2dafcfe468c84ce2ae3b673d19b2b78a766daa9a1c5f460ef24ffde9f5,false,2026-05-07,tooling,
src_000100,QuizBank/Topic_Vocabulary_Themes_Bank_A2_B1_210.csv,Topic_Vocabulary_Themes_Bank_A2_B1_210.csv,CSV,active,csv_quiz_bank_v1,232,173530,d71d28767ec3bac66ea555d43f1c7d263b89e424f3cb765576752ca5b85a739c,fbdcde2dafcfe468c84ce2ae3b673d19b2b78a766daa9a1c5f460ef24ffde9f5,false,2026-05-07,tooling,
src_000101,QuizBank/Travel_City_Actions_Bank_A2_100.csv,Travel_City_Actions_Bank_A2_100.csv,CSV,active,csv_quiz_bank_v1,100,68025,435560895f301ec49e56f63f3719ee69f4c835a97e653943405ae28af7afae9c,fbdcde2dafcfe468c84ce2ae3b673d19b2b78a766daa9a1c5f460ef24ffde9f5,false,2026-05-07,tooling,
src_000102,QuizBank/Travel_Orientation_Replies_Bank_A2_100.csv,Travel_Orientation_Replies_Bank_A2_100.csv,CSV,active,csv_quiz_bank_v1,100,99010,20f6bfda0203170ad14387a4b99f5d22f6ddd572170a5b78405cd9d92fabcff3,fbdcde2dafcfe468c84ce2ae3b673d19b2b78a766daa9a1c5f460ef24ffde9f5,false,2026-05-07,tooling,
src_000103,QuizBank/Travel_Service_Replies_Bank_A2_40.csv,Travel_Service_Replies_Bank_A2_40.csv,CSV,active,csv_quiz_bank_v1,40,35449,34d6d1fd0d40060b8a6839f94a96e1beaea6cb6b725148d8896906eda0fa3e53,fbdcde2dafcfe468c84ce2ae3b673d19b2b78a766daa9a1c5f460ef24ffde9f5,false,2026-05-07,tooling,
src_000104,QuizBank/Travel_Service_Replies_Bank_A2_61.csv,Travel_Service_Replies_Bank_A2_61.csv,CSV,active,csv_quiz_bank_v1,61,57452,af59e5d239669fe09bd55e1b0bff94975469d174ccb3b7e198fcc81aec813288,fbdcde2dafcfe468c84ce2ae3b673d19b2b78a766daa9a1c5f460ef24ffde9f5,false,2026-05-07,tooling,
src_000105,QuizBank/Travel_Transport_Orientation_Precision_Bank_C2_300.csv,Travel_Transport_Orientation_Precision_Bank_C2_300.csv,CSV,active,csv_quiz_bank_v1,300,323602,8d608955cfad51a9d11766cfa985d8bfb268a067316632af62002563c148f11f,fbdcde2dafcfe468c84ce2ae3b673d19b2b78a766daa9a1c5f460ef24ffde9f5,false,2026-05-07,tooling,
src_000106,QuizBank/Travel_Transport_Urban_Implicit_Paraphrase_Bank_C1_300.csv,Travel_Transport_Urban_Implicit_Paraphrase_Bank_C1_300.csv,CSV,active,csv_quiz_bank_v1,300,287842,fa3aa246842437ae74cc2d8e455268d5e567508aa6a8fc4f5fb7be0dd84a2acf,fbdcde2dafcfe468c84ce2ae3b673d19b2b78a766daa9a1c5f460ef24ffde9f5,false,2026-05-07,tooling,
src_000107,QuizBank/Travel_Transport_Urban_Natural_Usage_Bank_B2_300.csv,Travel_Transport_Urban_Natural_Usage_Bank_B2_300.csv,CSV,active,csv_quiz_bank_v1,300,246961,17ee8c8c6fbc0948c89338ba3c10cb7f1d76e88141bd72ef234c47e38fb6fc6f,fbdcde2dafcfe468c84ce2ae3b673d19b2b78a766daa9a1c5f460ef24ffde9f5,false,2026-05-07,tooling,
src_000108,QuizBank/Verb_Conjugation_Bank_A2_B1_210.csv,Verb_Conjugation_Bank_A2_B1_210.csv,CSV,active,csv_quiz_bank_v1,209,131634,eaa1063b40dbd66e1fc3f00a2e5b7a156bc1ddf9baf7c7f06f6fd0e6ddad52a6,fbdcde2dafcfe468c84ce2ae3b673d19b2b78a766daa9a1c5f460ef24ffde9f5,false,2026-05-07,tooling,
src_000109,QuizBank/W_Fragen_Bank_630.csv,W_Fragen_Bank_630.csv,CSV,active,csv_quiz_bank_v1,629,374593,cc1d555a504dbab9bc9b00e74d4702ca866e81d47654a889f6937dfaaf286bf2,fbdcde2dafcfe468c84ce2ae3b673d19b2b78a766daa9a1c5f460ef24ffde9f5,false,2026-05-07,tooling,
src_000110,QuizBank/Workplace_Actions_Bank_A2_100.csv,Workplace_Actions_Bank_A2_100.csv,CSV,active,csv_quiz_bank_v1,100,67752,08d2f1f1ee8bde84904e494468bab4d40ffff8c38659c5f82fa8edba134cd1ee,fbdcde2dafcfe468c84ce2ae3b673d19b2b78a766daa9a1c5f460ef24ffde9f5,false,2026-05-07,tooling,
src_000111,QuizBank/Workplace_Career_Implicit_Paraphrase_Bank_C1_300.csv,Workplace_Career_Implicit_Paraphrase_Bank_C1_300.csv,CSV,active,csv_quiz_bank_v1,300,283195,71a190d96213ae36b76d2fe89ffe8dff1f68e5bf0159eeb67e75b66307a26cf5,fbdcde2dafcfe468c84ce2ae3b673d19b2b78a766daa9a1c5f460ef24ffde9f5,false,2026-05-07,tooling,
src_000112,QuizBank/Workplace_Career_Precision_Mix_Bank_C2_300.csv,Workplace_Career_Precision_Mix_Bank_C2_300.csv,CSV,active,csv_quiz_bank_v1,300,282708,51d3ced3fecd41e2bfbc4f9f07ea9917be12f40f39b05eadf68ee78868954b41,fbdcde2dafcfe468c84ce2ae3b673d19b2b78a766daa9a1c5f460ef24ffde9f5,false,2026-05-07,tooling,
src_000113,QuizBank/Workplace_Communication_Bank_A2_100.csv,Workplace_Communication_Bank_A2_100.csv,CSV,active,csv_quiz_bank_v1,100,66424,1bd05b92ee6a4a96b630fb5288cb5376bb922760e1102a78120439647de8e1b0,fbdcde2dafcfe468c84ce2ae3b673d19b2b78a766daa9a1c5f460ef24ffde9f5,false,2026-05-07,tooling,
src_000114,QuizBank/Workplace_Operations_Natural_Usage_Bank_B2_300.csv,Workplace_Operations_Natural_Usage_Bank_B2_300.csv,CSV,active,csv_quiz_bank_v1,300,259459,9ce262218b6b75fdb1345c4d1e6850d8b3279e982ee60f9d77a059a989cae363,fbdcde2dafcfe468c84ce2ae3b673d19b2b78a766daa9a1c5f460ef24ffde9f5,false,2026-05-07,tooling,
src_000115,QuizBank/logik_luecke_sheet_template.csv,logik_luecke_sheet_template.csv,CSV,template,,0,278,c8f3f6821f7d47029c5858ea1c5c63c79bce33226179f34cb0fe7d3449a7296c,fbdcde2dafcfe468c84ce2ae3b673d19b2b78a766daa9a1c5f460ef24ffde9f5,true,2026-05-07,tooling,service template; excluded from active corpus
src_000116,QuizBank/trennbare_verben_210_korrigiert.csv,trennbare_verben_210_korrigiert.csv,CSV,active,csv_quiz_bank_v1,193,117001,57e0ee5f99f42d3be9a4eb496d4afa1e50838193a2cc52cc1cd366e12ef11383,fbdcde2dafcfe468c84ce2ae3b673d19b2b78a766daa9a1c5f460ef24ffde9f5,false,2026-05-07,tooling,
